Day,base2mid,Z.Totale
2020-01-01,Bologna,0.558515622560979
2020-01-01,Ferrara,0.643221750798093
2020-01-01,Forli'-Cesena,0.784003906767059
2020-01-01,Modena,0.545689046940943
2020-01-01,Parma,0.560192714045344
2020-01-01,Piacenza,0.540104113071638
2020-01-01,Ravenna,0.706713708032631
2020-01-01,Reggio nell'Emilia,0.549153094988533
2020-01-01,Rimini,0.742125209417434
2020-01-02,Bologna,0.812788793115454
2020-01-02,Ferrara,0.883729439023523
2020-01-02,Forli'-Cesena,0.935211137334174
2020-01-02,Modena,0.828034569292358
2020-01-02,Parma,0.889647081602215
2020-01-02,Piacenza,0.837300122070559
2020-01-02,Ravenna,0.889701677471698
2020-01-02,Reggio nell'Emilia,0.788009147543002
2020-01-02,Rimini,0.907047539216451
2020-01-03,Bologna,0.898452033774066
2020-01-03,Ferrara,0.919967775379624
2020-01-03,Forli'-Cesena,0.98348577664699
2020-01-03,Modena,0.873384539442229
2020-01-03,Parma,0.970250704478177
2020-01-03,Piacenza,0.90348355073999
2020-01-03,Ravenna,0.956362094404739
2020-01-03,Reggio nell'Emilia,0.882066709765025
2020-01-03,Rimini,0.962596226832505
2020-01-04,Bologna,0.834037822287536
2020-01-04,Ferrara,0.87149885517796
2020-01-04,Forli'-Cesena,0.94910790821436
2020-01-04,Modena,0.824550503575554
2020-01-04,Parma,0.899299796806565
2020-01-04,Piacenza,0.863711752065615
2020-01-04,Ravenna,0.904896728000001
2020-01-04,Reggio nell'Emilia,0.834401518987971
2020-01-04,Rimini,0.939075611355437
2020-01-05,Bologna,0.738254650215321
2020-01-05,Ferrara,0.812892036579595
2020-01-05,Forli'-Cesena,0.904884818624569
2020-01-05,Modena,0.737053443360995
2020-01-05,Parma,0.788804636721352
2020-01-05,Piacenza,0.80056051572289
2020-01-05,Ravenna,0.834064415537296
2020-01-05,Reggio nell'Emilia,0.763208102662671
2020-01-05,Rimini,0.863792455047684
2020-01-06,Bologna,0.661309249914126
2020-01-06,Ferrara,0.715314764511337
2020-01-06,Forli'-Cesena,0.778487188015201
2020-01-06,Modena,0.655175702253362
2020-01-06,Parma,0.683130904353122
2020-01-06,Piacenza,0.670790230319906
2020-01-06,Ravenna,0.72853523917594
2020-01-06,Reggio nell'Emilia,0.661193235142578
2020-01-06,Rimini,0.742099934739294
2020-01-07,Bologna,1.06418428484897
2020-01-07,Ferrara,1.00782568614095
2020-01-07,Forli'-Cesena,1.0466488561217
2020-01-07,Modena,1.037509077799
2020-01-07,Parma,1.05606028611604
2020-01-07,Piacenza,1.07926838372527
2020-01-07,Ravenna,1.05540864861763
2020-01-07,Reggio nell'Emilia,1.02795743636642
2020-01-07,Rimini,1.02441303462728
2020-01-08,Bologna,1.09600835966861
2020-01-08,Ferrara,1.03364709937384
2020-01-08,Forli'-Cesena,1.06886314142777
2020-01-08,Modena,1.09115402408169
2020-01-08,Parma,1.08121256036149
2020-01-08,Piacenza,1.05290477487566
2020-01-08,Ravenna,1.07134097378695
2020-01-08,Reggio nell'Emilia,1.06599055956635
2020-01-08,Rimini,1.03492730073351
2020-01-09,Bologna,1.10893247319459
2020-01-09,Ferrara,1.06427006310883
2020-01-09,Forli'-Cesena,1.07844927781763
2020-01-09,Modena,1.11365326813686
2020-01-09,Parma,1.09593319754238
2020-01-09,Piacenza,1.07373223167176
2020-01-09,Ravenna,1.07310324000207
2020-01-09,Reggio nell'Emilia,1.11530138632196
2020-01-09,Rimini,1.0438088226319
2020-01-10,Bologna,1.15812155881697
2020-01-10,Ferrara,1.10991385795453
2020-01-10,Forli'-Cesena,1.138588212681
2020-01-10,Modena,1.15793561159167
2020-01-10,Parma,1.19075132271961
2020-01-10,Piacenza,1.14968110327573
2020-01-10,Ravenna,1.12816506807031
2020-01-10,Reggio nell'Emilia,1.16066559935908
2020-01-10,Rimini,1.09279620380281
2020-01-11,Bologna,0.943887133665363
2020-01-11,Ferrara,0.89776205756116
2020-01-11,Forli'-Cesena,0.979313618497812
2020-01-11,Modena,0.961856962316473
2020-01-11,Parma,1.00343869158527
2020-01-11,Piacenza,1.00870817065666
2020-01-11,Ravenna,0.98852345283062
2020-01-11,Reggio nell'Emilia,0.948512539107948
2020-01-11,Rimini,0.977543671484491
2020-01-12,Bologna,0.74782618311098
2020-01-12,Ferrara,0.779653216033527
2020-01-12,Forli'-Cesena,0.833265748382839
2020-01-12,Modena,0.762891766791667
2020-01-12,Parma,0.804277903041435
2020-01-12,Piacenza,0.804748645622106
2020-01-12,Ravenna,0.764553802735929
2020-01-12,Reggio nell'Emilia,0.766473160949324
2020-01-12,Rimini,0.836212726261335
2020-01-13,Bologna,1.09937224748487
2020-01-13,Ferrara,1.023032533736
2020-01-13,Forli'-Cesena,1.07251266306361
2020-01-13,Modena,1.09973457937162
2020-01-13,Parma,1.0040171314477
2020-01-13,Piacenza,1.13516156694208
2020-01-13,Ravenna,1.04416970591918
2020-01-13,Reggio nell'Emilia,1.10533145365896
2020-01-13,Rimini,1.03783894365523
2020-01-14,Bologna,1.12467772961184
2020-01-14,Ferrara,1.07404755456712
2020-01-14,Forli'-Cesena,1.08540436372585
2020-01-14,Modena,1.11768652454042
2020-01-14,Parma,1.16922744397488
2020-01-14,Piacenza,1.11472170939136
2020-01-14,Ravenna,1.06482238702185
2020-01-14,Reggio nell'Emilia,1.1255567567299
2020-01-14,Rimini,1.03859718399943
2020-01-15,Bologna,1.13349733464269
2020-01-15,Ferrara,1.09614863811314
2020-01-15,Forli'-Cesena,1.09957362030957
2020-01-15,Modena,1.13893361382978
2020-01-15,Parma,1.11504800572369
2020-01-15,Piacenza,1.0843003137516
2020-01-15,Ravenna,1.11760046193377
2020-01-15,Reggio nell'Emilia,1.14341991682985
2020-01-15,Rimini,1.06372021407058
2020-01-16,Bologna,1.11669485634033
2020-01-16,Ferrara,1.11536646615184
2020-01-16,Forli'-Cesena,1.10269603845333
2020-01-16,Modena,1.15303243714028
2020-01-16,Parma,1.13970729145003
2020-01-16,Piacenza,1.08871139896896
2020-01-16,Ravenna,1.11975833893187
2020-01-16,Reggio nell'Emilia,1.14327719795737
2020-01-16,Rimini,1.07467425957645
2020-01-17,Bologna,1.1842072367736
2020-01-17,Ferrara,1.14390837046824
2020-01-17,Forli'-Cesena,1.15826972103783
2020-01-17,Modena,1.18789945546128
2020-01-17,Parma,1.17068340340134
2020-01-17,Piacenza,1.18236978299688
2020-01-17,Ravenna,1.14870086416892
2020-01-17,Reggio nell'Emilia,1.15361703463678
2020-01-17,Rimini,1.12539042873214
2020-01-18,Bologna,0.876134475530938
2020-01-18,Ferrara,0.858140546396067
2020-01-18,Forli'-Cesena,0.966926686433923
2020-01-18,Modena,0.930254333437572
2020-01-18,Parma,0.948555923046812
2020-01-18,Piacenza,0.979806301262068
2020-01-18,Ravenna,0.949600746477352
2020-01-18,Reggio nell'Emilia,0.950437787571354
2020-01-18,Rimini,1.00441570928292
2020-01-19,Bologna,0.708050329781145
2020-01-19,Ferrara,0.75976107823908
2020-01-19,Forli'-Cesena,0.819829076313536
2020-01-19,Modena,0.75051520547485
2020-01-19,Parma,0.762426464358356
2020-01-19,Piacenza,0.746372083169396
2020-01-19,Ravenna,0.776449099687967
2020-01-19,Reggio nell'Emilia,0.752440109365832
2020-01-19,Rimini,0.885230437046017
2020-01-20,Bologna,1.09044239739113
2020-01-20,Ferrara,1.09235855224464
2020-01-20,Forli'-Cesena,1.08865632425326
2020-01-20,Modena,1.11617515177046
2020-01-20,Parma,1.09058591540501
2020-01-20,Piacenza,1.11861142217245
2020-01-20,Ravenna,1.06524497126731
2020-01-20,Reggio nell'Emilia,1.05525751783011
2020-01-20,Rimini,1.10279992141062
2020-01-21,Bologna,1.10723639530404
2020-01-21,Ferrara,1.10592612957142
2020-01-21,Forli'-Cesena,1.0979610409821
2020-01-21,Modena,1.12899106563669
2020-01-21,Parma,1.10935891821306
2020-01-21,Piacenza,1.12690879008908
2020-01-21,Ravenna,1.09557213424481
2020-01-21,Reggio nell'Emilia,1.1277004524471
2020-01-21,Rimini,1.11036716004573
2020-01-22,Bologna,1.12739993462617
2020-01-22,Ferrara,1.10700735038667
2020-01-22,Forli'-Cesena,1.10639022987664
2020-01-22,Modena,1.14866087927367
2020-01-22,Parma,1.11183372057904
2020-01-22,Piacenza,1.14114362963187
2020-01-22,Ravenna,1.10959833473247
2020-01-22,Reggio nell'Emilia,1.15597626497772
2020-01-22,Rimini,1.11039243472387
2020-01-23,Bologna,1.14146607393179
2020-01-23,Ferrara,1.11621516636165
2020-01-23,Forli'-Cesena,1.11104482173043
2020-01-23,Modena,1.15121791111123
2020-01-23,Parma,1.11389769917908
2020-01-23,Piacenza,1.16230037428246
2020-01-23,Ravenna,1.03544828638518
2020-01-23,Reggio nell'Emilia,1.16662192781243
2020-01-23,Rimini,1.10969990854283
2020-01-24,Bologna,1.17077995347342
2020-01-24,Ferrara,1.14579178737222
2020-01-24,Forli'-Cesena,1.15361066220529
2020-01-24,Modena,1.18593994309092
2020-01-24,Parma,1.20486394072693
2020-01-24,Piacenza,1.20044631417532
2020-01-24,Ravenna,1.14281165819493
2020-01-24,Reggio nell'Emilia,1.18859772154374
2020-01-24,Rimini,1.13760315320937
2020-01-25,Bologna,0.87856552050739
2020-01-25,Ferrara,0.868034298157069
2020-01-25,Forli'-Cesena,0.942420841030934
2020-01-25,Modena,0.921339870210088
2020-01-25,Parma,0.937305925040516
2020-01-25,Piacenza,0.964055365555925
2020-01-25,Ravenna,0.940618583472751
2020-01-25,Reggio nell'Emilia,0.910325046515344
2020-01-25,Rimini,0.975749169336552
2020-01-26,Bologna,0.74309977938932
2020-01-26,Ferrara,0.769666456030354
2020-01-26,Forli'-Cesena,0.815348696630854
2020-01-26,Modena,0.772249976094052
2020-01-26,Parma,0.79514775566735
2020-01-26,Piacenza,0.816332031919938
2020-01-26,Ravenna,0.804996014142028
2020-01-26,Reggio nell'Emilia,0.741022599567723
2020-01-26,Rimini,0.838735139139705
2020-01-27,Bologna,1.06540546093016
2020-01-27,Ferrara,1.07986056970284
2020-01-27,Forli'-Cesena,1.05472068671653
2020-01-27,Modena,1.10269142202914
2020-01-27,Parma,1.05120599249778
2020-01-27,Piacenza,1.12019611997216
2020-01-27,Ravenna,1.05398804626055
2020-01-27,Reggio nell'Emilia,1.07753331245663
2020-01-27,Rimini,1.05322616770686
2020-01-28,Bologna,1.09412005961714
2020-01-28,Ferrara,1.09304448803066
2020-01-28,Forli'-Cesena,1.07887810777729
2020-01-28,Modena,1.11999751895031
2020-01-28,Parma,1.09212403958466
2020-01-28,Piacenza,1.13381697486961
2020-01-28,Ravenna,1.08847811361355
2020-01-28,Reggio nell'Emilia,1.09909842535081
2020-01-28,Rimini,1.06520131020958
2020-01-29,Bologna,1.12141277967254
2020-01-29,Ferrara,1.11395971648899
2020-01-29,Forli'-Cesena,1.01315991645961
2020-01-29,Modena,1.15321696521103
2020-01-29,Parma,1.16173401848427
2020-01-29,Piacenza,1.12309796918979
2020-01-29,Ravenna,1.10857334315837
2020-01-29,Reggio nell'Emilia,1.10823534581935
2020-01-29,Rimini,1.07115096944373
2020-01-30,Bologna,1.14205687439699
2020-01-30,Ferrara,1.11492467700152
2020-01-30,Forli'-Cesena,1.01963256866321
2020-01-30,Modena,1.16404700555393
2020-01-30,Parma,1.11047307226627
2020-01-30,Piacenza,1.1677644946178
2020-01-30,Ravenna,1.10653235116433
2020-01-30,Reggio nell'Emilia,1.1323519226378
2020-01-30,Rimini,1.09055686731961
2020-01-31,Bologna,1.17048879343555
2020-01-31,Ferrara,1.13913007202668
2020-01-31,Forli'-Cesena,1.04534896530649
2020-01-31,Modena,1.00692135330923
2020-01-31,Parma,1.14130457425197
2020-01-31,Piacenza,1.20982415786447
2020-01-31,Ravenna,1.12778743959564
2020-01-31,Reggio nell'Emilia,1.15278402244233
2020-01-31,Rimini,1.12110384331959
2020-02-01,Bologna,0.936407430168046
2020-02-01,Ferrara,0.908271988926548
2020-02-01,Forli'-Cesena,0.872298208669263
2020-02-01,Modena,0.883155740141058
2020-02-01,Parma,0.974851930656622
2020-02-01,Piacenza,0.962662752338004
2020-02-01,Ravenna,0.985592336574865
2020-02-01,Reggio nell'Emilia,0.954844596837818
2020-02-01,Rimini,0.997849347902153
2020-02-02,Bologna,0.737463147199732
2020-02-02,Ferrara,0.734672104913297
2020-02-02,Forli'-Cesena,0.743166787067072
2020-02-02,Modena,0.712071857401669
2020-02-02,Parma,0.757959988375137
2020-02-02,Piacenza,0.787059713689053
2020-02-02,Ravenna,0.802892084068878
2020-02-02,Reggio nell'Emilia,0.74111289109929
2020-02-02,Rimini,0.838386348581373
2020-02-03,Bologna,1.06959194652333
2020-02-03,Ferrara,1.03164742216715
2020-02-03,Forli'-Cesena,0.952342000826785
2020-02-03,Modena,1.0985615080647
2020-02-03,Parma,1.05712514131733
2020-02-03,Piacenza,1.11780535294533
2020-02-03,Ravenna,1.05990422569701
2020-02-03,Reggio nell'Emilia,1.04351379346635
2020-02-03,Rimini,1.04259058314555
2020-02-04,Bologna,1.10379335718623
2020-02-04,Ferrara,1.10982084971236
2020-02-04,Forli'-Cesena,0.924762874046242
2020-02-04,Modena,1.12136829890446
2020-02-04,Parma,1.09098687940056
2020-02-04,Piacenza,1.13481855876033
2020-02-04,Ravenna,1.1006970921153
2020-02-04,Reggio nell'Emilia,1.09802075223211
2020-02-04,Rimini,1.07030679519386
2020-02-05,Bologna,1.11835701267307
2020-02-05,Ferrara,1.11026263886267
2020-02-05,Forli'-Cesena,1.01051546504172
2020-02-05,Modena,1.15028209018099
2020-02-05,Parma,1.09680085733603
2020-02-05,Piacenza,1.15144073524813
2020-02-05,Ravenna,1.11001192782377
2020-02-05,Reggio nell'Emilia,1.11229846473985
2020-02-05,Rimini,1.0924322484376
2020-02-06,Bologna,1.12537029475049
2020-02-06,Ferrara,1.13959511323753
2020-02-06,Forli'-Cesena,1.02676633372128
2020-02-06,Modena,1.15026890960451
2020-02-06,Parma,1.10062973483453
2020-02-06,Piacenza,1.15158822876628
2020-02-06,Ravenna,1.10726962580535
2020-02-06,Reggio nell'Emilia,1.12637811840415
2020-02-06,Rimini,1.09020807676128
2020-02-07,Bologna,1.16122820815315
2020-02-07,Ferrara,1.16673026789109
2020-02-07,Forli'-Cesena,1.16509079758365
2020-02-07,Modena,1.1870690791429
2020-02-07,Parma,1.13952981558314
2020-02-07,Piacenza,1.19123997457704
2020-02-07,Ravenna,1.13684153183351
2020-02-07,Reggio nell'Emilia,1.16848309841473
2020-02-07,Rimini,1.13127942873875
2020-02-08,Bologna,0.93567811667511
2020-02-08,Ferrara,0.926989897663578
2020-02-08,Forli'-Cesena,0.984392573332518
2020-02-08,Modena,0.960727826264495
2020-02-08,Parma,1.00402041803783
2020-02-08,Piacenza,1.01133218324708
2020-02-08,Ravenna,0.98534058425842
2020-02-08,Reggio nell'Emilia,0.951093129332725
2020-02-08,Rimini,1.00261615219935
2020-02-09,Bologna,0.751198551316687
2020-02-09,Ferrara,0.839236621174694
2020-02-09,Forli'-Cesena,0.863980694243385
2020-02-09,Modena,0.778642555687936
2020-02-09,Parma,0.789754461268188
2020-02-09,Piacenza,0.825411458490966
2020-02-09,Ravenna,0.842066542738592
2020-02-09,Reggio nell'Emilia,0.777849893926725
2020-02-09,Rimini,0.854557087655334
2020-02-10,Bologna,1.10738621551771
2020-02-10,Ferrara,1.09835758386471
2020-02-10,Forli'-Cesena,1.07485782690549
2020-02-10,Modena,1.12151767877126
2020-02-10,Parma,1.09763565122841
2020-02-10,Piacenza,1.1156478314821
2020-02-10,Ravenna,1.07940603906736
2020-02-10,Reggio nell'Emilia,1.09161879138103
2020-02-10,Rimini,1.0581092355235
2020-02-11,Bologna,1.14101378649431
2020-02-11,Ferrara,1.12667859360596
2020-02-11,Forli'-Cesena,1.09065753073166
2020-02-11,Modena,1.14106886721991
2020-02-11,Parma,1.11051908452805
2020-02-11,Piacenza,1.16445789574569
2020-02-11,Ravenna,1.10442842109118
2020-02-11,Reggio nell'Emilia,1.11580818395075
2020-02-11,Rimini,1.07619074026484
2020-02-12,Bologna,1.15961693415713
2020-02-12,Ferrara,1.13888592539098
2020-02-12,Forli'-Cesena,1.1164185971624
2020-02-12,Modena,1.15764563890906
2020-02-12,Parma,1.17842332315151
2020-02-12,Piacenza,1.19165844455878
2020-02-12,Ravenna,1.126052146843
2020-02-12,Reggio nell'Emilia,1.14112185171997
2020-02-12,Rimini,1.09409026732358
2020-02-13,Bologna,1.16065154167037
2020-02-13,Ferrara,1.15415090313739
2020-02-13,Forli'-Cesena,1.12096598152628
2020-02-13,Modena,1.16490374302528
2020-02-13,Parma,1.19443887684262
2020-02-13,Piacenza,1.19306820818579
2020-02-13,Ravenna,1.13560974371376
2020-02-13,Reggio nell'Emilia,1.14963838198775
2020-02-13,Rimini,1.11581132571708
2020-02-14,Bologna,1.20608664156167
2020-02-14,Ferrara,1.21786154902492
2020-02-14,Forli'-Cesena,1.20620040298717
2020-02-14,Modena,1.22138251325165
2020-02-14,Parma,1.26028899663642
2020-02-14,Piacenza,1.27702289075189
2020-02-14,Ravenna,1.20028311557772
2020-02-14,Reggio nell'Emilia,1.24318040869083
2020-02-14,Rimini,1.18461910948537
2020-02-15,Bologna,0.957385086877641
2020-02-15,Ferrara,0.960542621026975
2020-02-15,Forli'-Cesena,1.0354054706169
2020-02-15,Modena,0.976799342521832
2020-02-15,Parma,1.0305629199072
2020-02-15,Piacenza,1.0545169133299
2020-02-15,Ravenna,1.02393960906197
2020-02-15,Reggio nell'Emilia,1.00348260605175
2020-02-15,Rimini,1.05915055226287
2020-02-16,Bologna,0.79283726352964
2020-02-16,Ferrara,0.862477055687317
2020-02-16,Forli'-Cesena,0.918017736139113
2020-02-16,Modena,0.787354916742692
2020-02-16,Parma,0.846868824503192
2020-02-16,Piacenza,0.863224680447525
2020-02-16,Ravenna,0.889216155147125
2020-02-16,Reggio nell'Emilia,0.866702586248437
2020-02-16,Rimini,0.892979653363736
2020-02-17,Bologna,1.11450974265801
2020-02-17,Ferrara,1.10978597162154
2020-02-17,Forli'-Cesena,1.08154489408892
2020-02-17,Modena,1.12262924072126
2020-02-17,Parma,1.14015755429749
2020-02-17,Piacenza,1.13919877324133
2020-02-17,Ravenna,1.08764193627678
2020-02-17,Reggio nell'Emilia,1.10230523103645
2020-02-17,Rimini,1.0885500578753
2020-02-18,Bologna,1.13268604405172
2020-02-18,Ferrara,1.13007339444522
2020-02-18,Forli'-Cesena,1.09333771797953
2020-02-18,Modena,1.13627553090587
2020-02-18,Parma,1.16934576121946
2020-02-18,Piacenza,1.17448059481654
2020-02-18,Ravenna,1.10978714896981
2020-02-18,Reggio nell'Emilia,1.13006259541808
2020-02-18,Rimini,1.08919708963568
2020-02-19,Bologna,1.1524820998309
2020-02-19,Ferrara,1.1335844555872
2020-02-19,Forli'-Cesena,1.10843610614251
2020-02-19,Modena,1.1610286535395
2020-02-19,Parma,1.1263473025819
2020-02-19,Piacenza,1.19250567476771
2020-02-19,Ravenna,1.12156556091778
2020-02-19,Reggio nell'Emilia,1.17382777455747
2020-02-19,Rimini,1.09513663899858
2020-02-20,Bologna,1.1597837151497
2020-02-20,Ferrara,1.16077774039211
2020-02-20,Forli'-Cesena,1.12338708400686
2020-02-20,Modena,1.16880958718951
2020-02-20,Parma,1.1372390622643
2020-02-20,Piacenza,1.20141016716605
2020-02-20,Ravenna,1.14024917925968
2020-02-20,Reggio nell'Emilia,1.18683849299322
2020-02-20,Rimini,1.11221221154995
2020-02-21,Bologna,1.19501407973287
2020-02-21,Ferrara,1.18319272675546
2020-02-21,Forli'-Cesena,1.17501642435825
2020-02-21,Modena,1.2000519469779
2020-02-21,Parma,1.22094193963046
2020-02-21,Piacenza,1.2238326120073
2020-02-21,Ravenna,1.18031376219111
2020-02-21,Reggio nell'Emilia,1.22098034244562
2020-02-21,Rimini,1.15951124422111
2020-02-22,Bologna,0.949662278882679
2020-02-22,Ferrara,0.958833594577072
2020-02-22,Forli'-Cesena,0.996766104460167
2020-02-22,Modena,0.960178635577736
2020-02-22,Parma,0.997342066898832
2020-02-22,Piacenza,0.860329691393521
2020-02-22,Ravenna,1.01012919627412
2020-02-22,Reggio nell'Emilia,0.962300929767195
2020-02-22,Rimini,1.02125369985978
2020-02-23,Bologna,0.750432489469456
2020-02-23,Ferrara,0.831586693256082
2020-02-23,Forli'-Cesena,0.846005571767696
2020-02-23,Modena,0.7255511936175
2020-02-23,Parma,0.7509299720925
2020-02-23,Piacenza,0.577354801610121
2020-02-23,Ravenna,0.844026614345201
2020-02-23,Reggio nell'Emilia,0.743373092018507
2020-02-23,Rimini,0.843304800947414
2020-02-24,Bologna,1.03064717135986
2020-02-24,Ferrara,1.02749692936024
2020-02-24,Forli'-Cesena,1.00238109674445
2020-02-24,Modena,1.01590171941912
2020-02-24,Parma,1.03355700351332
2020-02-24,Piacenza,0.921652694127498
2020-02-24,Ravenna,1.00621804421506
2020-02-24,Reggio nell'Emilia,1.0164700234471
2020-02-24,Rimini,0.995150012276803
2020-02-25,Bologna,1.05100575963941
2020-02-25,Ferrara,1.0283688816306
2020-02-25,Forli'-Cesena,1.00293946908775
2020-02-25,Modena,1.01532177405391
2020-02-25,Parma,0.958297376184604
2020-02-25,Piacenza,0.909904663902424
2020-02-25,Ravenna,1.02305847595441
2020-02-25,Reggio nell'Emilia,1.0235244134295
2020-02-25,Rimini,0.98552035990547
2020-02-26,Bologna,1.04409989582839
2020-02-26,Ferrara,1.02729928684563
2020-02-26,Forli'-Cesena,0.987309510453946
2020-02-26,Modena,1.0246008998974
2020-02-26,Parma,0.958169199169633
2020-02-26,Piacenza,0.928375654489876
2020-02-26,Ravenna,1.00484239762877
2020-02-26,Reggio nell'Emilia,1.03262638233743
2020-02-26,Rimini,0.958860629403416
2020-02-27,Bologna,1.05777876401566
2020-02-27,Ferrara,1.05467858813488
2020-02-27,Forli'-Cesena,1.01681837205295
2020-02-27,Modena,1.03666112737864
2020-02-27,Parma,1.01308483360937
2020-02-27,Piacenza,0.938737931660664
2020-02-27,Ravenna,1.04215568738762
2020-02-27,Reggio nell'Emilia,1.05351285242984
2020-02-27,Rimini,0.992870236308577
2020-02-28,Bologna,1.10293401105502
2020-02-28,Ferrara,1.08888236919348
2020-02-28,Forli'-Cesena,1.07326311549301
2020-02-28,Modena,1.07548671216981
2020-02-28,Parma,1.02415406915865
2020-02-28,Piacenza,0.999011329358474
2020-02-28,Ravenna,1.0560919763337
2020-02-28,Reggio nell'Emilia,1.09136247993658
2020-02-28,Rimini,1.03855168957878
2020-02-29,Bologna,0.849749157146979
2020-02-29,Ferrara,0.826064328877144
2020-02-29,Forli'-Cesena,0.890358203741134
2020-02-29,Modena,0.800280668746269
2020-02-29,Parma,0.806259716888293
2020-02-29,Piacenza,0.775949678682041
2020-02-29,Ravenna,0.845537128243873
2020-02-29,Reggio nell'Emilia,0.825398579501758
2020-02-29,Rimini,0.878097922874914
2020-03-01,Bologna,0.623249262050228
2020-03-01,Ferrara,0.630502873681129
2020-03-01,Forli'-Cesena,0.689710452408381
2020-03-01,Modena,0.571558125050073
2020-03-01,Parma,0.565385526446732
2020-03-01,Piacenza,0.534643422818115
2020-03-01,Ravenna,0.623086983202012
2020-03-01,Reggio nell'Emilia,0.579260951820944
2020-03-01,Rimini,0.68579300677904
2020-03-02,Bologna,1.03859329627708
2020-03-02,Ferrara,1.03026392456484
2020-03-02,Forli'-Cesena,0.994072516276061
2020-03-02,Modena,1.02327844872368
2020-03-02,Parma,0.964150793201611
2020-03-02,Piacenza,0.941938197996429
2020-03-02,Ravenna,0.943001239324822
2020-03-02,Reggio nell'Emilia,1.02006712155951
2020-03-02,Rimini,0.984969371922018
2020-03-03,Bologna,1.06102957997255
2020-03-03,Ferrara,1.0463659764908
2020-03-03,Forli'-Cesena,1.01374955765415
2020-03-03,Modena,1.03445997110611
2020-03-03,Parma,0.975335059405358
2020-03-03,Piacenza,0.962137949819921
2020-03-03,Ravenna,0.964409177376828
2020-03-03,Reggio nell'Emilia,1.00841077609726
2020-03-03,Rimini,1.00008868438536
2020-03-04,Bologna,1.03990492984577
2020-03-04,Ferrara,1.05417866883321
2020-03-04,Forli'-Cesena,0.999968928221367
2020-03-04,Modena,1.05963487218717
2020-03-04,Parma,0.984353462715109
2020-03-04,Piacenza,0.996092329731747
2020-03-04,Ravenna,0.960911618409071
2020-03-04,Reggio nell'Emilia,1.06440608881885
2020-03-04,Rimini,0.98758782857732
2020-03-05,Bologna,1.0509887988605
2020-03-05,Ferrara,1.06164258026748
2020-03-05,Forli'-Cesena,1.01276682232993
2020-03-05,Modena,1.0494550736174
2020-03-05,Parma,0.971680371183622
2020-03-05,Piacenza,0.955565913057514
2020-03-05,Ravenna,0.952064322716852
2020-03-05,Reggio nell'Emilia,1.04132640829839
2020-03-05,Rimini,1.00001791528656
2020-03-06,Bologna,1.06794957776598
2020-03-06,Ferrara,1.05970103321215
2020-03-06,Forli'-Cesena,1.03853235573941
2020-03-06,Modena,1.05444172505317
2020-03-06,Parma,1.00018168076896
2020-03-06,Piacenza,0.983757755515874
2020-03-06,Ravenna,0.971305392616596
2020-03-06,Reggio nell'Emilia,1.05161381763689
2020-03-06,Rimini,1.01337305521573
2020-03-07,Bologna,0.785337772456934
2020-03-07,Ferrara,0.806951135110885
2020-03-07,Forli'-Cesena,0.785031311878741
2020-03-07,Modena,0.765461979205702
2020-03-07,Parma,0.79168040308288
2020-03-07,Piacenza,0.763230935302604
2020-03-07,Ravenna,0.763492846545195
2020-03-07,Reggio nell'Emilia,0.776134354826958
2020-03-07,Rimini,0.800246859268139
2020-03-08,Bologna,0.560669641481975
2020-03-08,Ferrara,0.667566658186503
2020-03-08,Forli'-Cesena,0.650070483012441
2020-03-08,Modena,0.447717821948503
2020-03-08,Parma,0.428508907408395
2020-03-08,Piacenza,0.425999011329358
2020-03-08,Ravenna,0.658440201354253
2020-03-08,Reggio nell'Emilia,0.458532436226145
2020-03-08,Rimini,0.485637775652888
2020-03-09,Bologna,0.907503436116624
2020-03-09,Ferrara,0.925490139758562
2020-03-09,Forli'-Cesena,0.836169284568027
2020-03-09,Modena,0.797613798771364
2020-03-09,Parma,0.712312538094842
2020-03-09,Piacenza,0.735804001089555
2020-03-09,Ravenna,0.902415169452183
2020-03-09,Reggio nell'Emilia,0.797676166680737
2020-03-09,Rimini,0.707059120966022
2020-03-10,Bologna,0.773196681557094
2020-03-10,Ferrara,0.816914643053515
2020-03-10,Forli'-Cesena,0.689746188238353
2020-03-10,Modena,0.729905177382131
2020-03-10,Parma,0.646610314856784
2020-03-10,Piacenza,0.663473865803093
2020-03-10,Ravenna,0.730099699999564
2020-03-10,Reggio nell'Emilia,0.726080807408463
2020-03-10,Rimini,0.618997087390693
2020-03-11,Bologna,0.691021707760043
2020-03-11,Ferrara,0.721871845584434
2020-03-11,Forli'-Cesena,0.601545692889825
2020-03-11,Modena,0.681488526437394
2020-03-11,Parma,0.607772679320586
2020-03-11,Piacenza,0.607333716695419
2020-03-11,Ravenna,0.621945106623849
2020-03-11,Reggio nell'Emilia,0.672424336617452
2020-03-11,Rimini,0.554723580880717
2020-03-12,Bologna,0.599343044182954
2020-03-12,Ferrara,0.63701345063314
2020-03-12,Forli'-Cesena,0.523445036487005
2020-03-12,Modena,0.59801593557541
2020-03-12,Parma,0.534189212956879
2020-03-12,Piacenza,0.525186687247158
2020-03-12,Ravenna,0.564563560782648
2020-03-12,Reggio nell'Emilia,0.610228034518264
2020-03-12,Rimini,0.47261120653954
2020-03-13,Bologna,0.535415041691715
2020-03-13,Ferrara,0.575662888890713
2020-03-13,Forli'-Cesena,0.488026362006454
2020-03-13,Modena,0.547213600287388
2020-03-13,Parma,0.498194477880934
2020-03-13,Piacenza,0.482794306064183
2020-03-13,Ravenna,0.507289908791352
2020-03-13,Reggio nell'Emilia,0.565676445265235
2020-03-13,Rimini,0.431388206493228
2020-03-14,Bologna,0.1887904299969
2020-03-14,Ferrara,0.230032634950856
2020-03-14,Forli'-Cesena,0.182225930982419
2020-03-14,Modena,0.182717938247707
2020-03-14,Parma,0.203173715089465
2020-03-14,Piacenza,0.206665859588592
2020-03-14,Ravenna,0.194874275236947
2020-03-14,Reggio nell'Emilia,0.19105979342514
2020-03-14,Rimini,0.189888656865692
2020-03-15,Bologna,0.078627344209322
2020-03-15,Ferrara,0.0936476738365079
2020-03-15,Forli'-Cesena,0.0738123568062337
2020-03-15,Modena,0.0798391452783815
2020-03-15,Parma,0.0958336815266134
2020-03-15,Piacenza,0.093277644946178
2020-03-15,Ravenna,0.0823230074775991
2020-03-15,Reggio nell'Emilia,0.0727458481422368
2020-03-15,Rimini,0.0824207254144843
2020-03-16,Bologna,0.454526260294995
2020-03-16,Ferrara,0.507429717227588
2020-03-16,Forli'-Cesena,0.427069970032485
2020-03-16,Modena,0.465467664944577
2020-03-16,Parma,0.447557983787154
2020-03-16,Piacenza,0.417705073494547
2020-03-16,Ravenna,0.436484569791124
2020-03-16,Reggio nell'Emilia,0.490810202446207
2020-03-16,Rimini,0.373514248488295
2020-03-17,Bologna,0.427389014046227
2020-03-17,Ferrara,0.497466209284958
2020-03-17,Forli'-Cesena,0.406334254691494
2020-03-17,Modena,0.442485133085056
2020-03-17,Parma,0.423641467429626
2020-03-17,Piacenza,0.395076823744237
2020-03-17,Ravenna,0.414833870576831
2020-03-17,Reggio nell'Emilia,0.459508167293075
2020-03-17,Rimini,0.34875011884674
2020-03-18,Bologna,0.422063329469906
2020-03-18,Ferrara,0.488525792006215
2020-03-18,Forli'-Cesena,0.395689444338719
2020-03-18,Modena,0.431980213628716
2020-03-18,Parma,0.391764829783389
2020-03-18,Piacenza,0.382563885273852
2020-03-18,Ravenna,0.404305229056924
2020-03-18,Reggio nell'Emilia,0.446817838162881
2020-03-18,Rimini,0.338392555744975
2020-03-19,Bologna,0.409334264901343
2020-03-19,Ferrara,0.480015537847516
2020-03-19,Forli'-Cesena,0.38150678681876
2020-03-19,Modena,0.416756647791737
2020-03-19,Parma,0.379282360479295
2020-03-19,Piacenza,0.371735116975878
2020-03-19,Ravenna,0.367576364318393
2020-03-19,Reggio nell'Emilia,0.424801267610864
2020-03-19,Rimini,0.319107976324168
2020-03-20,Bologna,0.412257172466054
2020-03-20,Ferrara,0.474841954376722
2020-03-20,Forli'-Cesena,0.387756090085035
2020-03-20,Modena,0.409551265981449
2020-03-20,Parma,0.403747737388109
2020-03-20,Piacenza,0.374894222329833
2020-03-20,Ravenna,0.397777651137665
2020-03-20,Reggio nell'Emilia,0.435414891515025
2020-03-20,Rimini,0.323763572037553
2020-03-21,Bologna,0.160293494639209
2020-03-21,Ferrara,0.199956094638622
2020-03-21,Forli'-Cesena,0.153748941473842
2020-03-21,Modena,0.141475914434799
2020-03-21,Parma,0.176631213220096
2020-03-21,Piacenza,0.172488524358625
2020-03-21,Ravenna,0.164403253792912
2020-03-21,Reggio nell'Emilia,0.15738396478082
2020-03-21,Rimini,0.149378402742927
2020-03-22,Bologna,0.0579295403516676
2020-03-22,Ferrara,0.0664195109407784
2020-03-22,Forli'-Cesena,0.054631150069005
2020-03-22,Modena,0.057045535015106
2020-03-22,Parma,0.0559509103298833
2020-03-22,Piacenza,0.0559892255077026
2020-03-22,Ravenna,0.0596113520725734
2020-03-22,Reggio nell'Emilia,0.0517894749286159
2020-03-22,Rimini,0.0514339700148652
2020-03-23,Bologna,0.316948902203193
2020-03-23,Ferrara,0.397540479101869
2020-03-23,Forli'-Cesena,0.305648553746655
2020-03-23,Modena,0.312124838150274
2020-03-23,Parma,0.338239422967571
2020-03-23,Piacenza,0.294952735490249
2020-03-23,Ravenna,0.32926505644792
2020-03-23,Reggio nell'Emilia,0.319431050272552
2020-03-23,Rimini,0.222407057760594
2020-03-24,Bologna,0.32168661311079
2020-03-24,Ferrara,0.401400321151989
2020-03-24,Forli'-Cesena,0.300274778314684
2020-03-24,Modena,0.31800337526135
2020-03-24,Parma,0.347044197919037
2020-03-24,Piacenza,0.287879906782482
2020-03-24,Ravenna,0.312208837008754
2020-03-24,Reggio nell'Emilia,0.336047604710871
2020-03-24,Rimini,0.217180254321245
2020-03-25,Bologna,0.300197306237547
2020-03-25,Ferrara,0.380740865359627
2020-03-25,Forli'-Cesena,0.276193295892606
2020-03-25,Modena,0.301479325878124
2020-03-25,Parma,0.319611030125127
2020-03-25,Piacenza,0.263347961623438
2020-03-25,Ravenna,0.299989858507
2020-03-25,Reggio nell'Emilia,0.319148525157649
2020-03-25,Rimini,0.201813250012136
2020-03-26,Bologna,0.252984151357658
2020-03-26,Ferrara,0.33818959456613
2020-03-26,Forli'-Cesena,0.252442369897766
2020-03-26,Modena,0.225607534120894
2020-03-26,Parma,0.288891272203756
2020-03-26,Piacenza,0.25622025160659
2020-03-26,Ravenna,0.258522655526803
2020-03-26,Reggio nell'Emilia,0.23702400825268
2020-03-26,Rimini,0.196075898074359
2020-03-27,Bologna,0.275516546133589
2020-03-27,Ferrara,0.346397571937772
2020-03-27,Forli'-Cesena,0.265302801708777
2020-03-27,Modena,0.23968438980392
2020-03-27,Parma,0.303099201324766
2020-03-27,Piacenza,0.267700735449896
2020-03-27,Ravenna,0.273708714900947
2020-03-27,Reggio nell'Emilia,0.252656093733918
2020-03-27,Rimini,0.210624002811734
2020-03-28,Bologna,0.130388814632363
2020-03-28,Ferrara,0.172844192045607
2020-03-28,Forli'-Cesena,0.129788067477918
2020-03-28,Modena,0.110536707905503
2020-03-28,Parma,0.142716889694834
2020-03-28,Piacenza,0.14536343734552
2020-03-28,Ravenna,0.134858321227229
2020-03-28,Reggio nell'Emilia,0.112622666164152
2020-03-28,Rimini,0.131200854224651
2020-03-29,Bologna,0.0504074349070871
2020-03-29,Ferrara,0.0645012159459896
2020-03-29,Forli'-Cesena,0.0499095535340141
2020-03-29,Modena,0.0465054673548134
2020-03-29,Parma,0.0468996411188577
2020-03-29,Piacenza,0.052586584344703
2020-03-29,Ravenna,0.0536592080194748
2020-03-29,Reggio nell'Emilia,0.0451690668237431
2020-03-29,Rimini,0.0512924318172813
2020-03-30,Bologna,0.290857570653596
2020-03-30,Ferrara,0.362325233409655
2020-03-30,Forli'-Cesena,0.283179650652044
2020-03-30,Modena,0.257706631380627
2020-03-30,Parma,0.315177420043183
2020-03-30,Piacenza,0.282220271783542
2020-03-30,Ravenna,0.30252536397977
2020-03-30,Reggio nell'Emilia,0.267292059737871
2020-03-30,Rimini,0.23124814017396
2020-03-31,Bologna,0.288367162950974
2020-03-31,Ferrara,0.356895877272889
2020-03-31,Forli'-Cesena,0.281366057280988
2020-03-31,Modena,0.252315775599393
2020-03-31,Parma,0.311795518802026
2020-03-31,Piacenza,0.282813675937976
2020-03-31,Ravenna,0.295548228352573
2020-03-31,Reggio nell'Emilia,0.257939604645594
2020-03-31,Rimini,0.229615395966117
